,capacity_kw,provider,pv_system_id
10003,3357.0,pvoutput.org,10003
10012,4035.0,pvoutput.org,10012
10020,4059.0,pvoutput.org,10020
10033,4008.0,pvoutput.org,10033
10041,4404.0,pvoutput.org,10041
10078,3540.0,pvoutput.org,10078
10104,3420.0,pvoutput.org,10104
10125,3000.0,pvoutput.org,10125
10154,5969.0,pvoutput.org,10154
10156,4610.0,pvoutput.org,10156
10232,2761.0,pvoutput.org,10232
10246,5825.0,pvoutput.org,10246
10332,4284.0,pvoutput.org,10332
10333,2222.0,pvoutput.org,10333
10334,3024.0,pvoutput.org,10334
10370,3984.0,pvoutput.org,10370
10377,4188.0,pvoutput.org,10377
10387,3000.0,pvoutput.org,10387
10427,11100.0,pvoutput.org,10427
10455,427.0,pvoutput.org,10455
10493,2220.0,pvoutput.org,10493
10509,3792.0,pvoutput.org,10509
10510,3660.0,pvoutput.org,10510
10534,3613.0,pvoutput.org,10534
10589,4848.0,pvoutput.org,10589
10593,2760.0,pvoutput.org,10593
10606,4026.0,pvoutput.org,10606
10610,4159.0,pvoutput.org,10610
10674,5052.0,pvoutput.org,10674
10899,3300.0,pvoutput.org,10899
10903,3295.0,pvoutput.org,10903
10968,2578.0,pvoutput.org,10968
11144,4636.0,pvoutput.org,11144
11167,3204.0,pvoutput.org,11167
11225,2323.0,pvoutput.org,11225
11240,4113.0,pvoutput.org,11240
11259,3996.0,pvoutput.org,11259
11514,3960.0,pvoutput.org,11514
11515,8364.0,pvoutput.org,11515
11516,5496.0,pvoutput.org,11516
11542,50634.0,pvoutput.org,11542
11610,5820.0,pvoutput.org,11610
11683,5503.0,pvoutput.org,11683
11790,2772.0,pvoutput.org,11790
11812,4257.0,pvoutput.org,11812
11842,2480.0,pvoutput.org,11842
11909,3000.0,pvoutput.org,11909
11942,5484.0,pvoutput.org,11942
12057,3362.0,pvoutput.org,12057
12084,13212.0,pvoutput.org,12084
12099,2280.0,pvoutput.org,12099
12290,4944.0,pvoutput.org,12290
12314,7586.0,pvoutput.org,12314
12322,3513.0,pvoutput.org,12322
12338,3318.0,pvoutput.org,12338
12384,4440.0,pvoutput.org,12384
12406,4920.0,pvoutput.org,12406
1241,1752.0,pvoutput.org,1241
12485,5868.0,pvoutput.org,12485
12486,4996.0,pvoutput.org,12486
12520,2004.0,pvoutput.org,12520
12570,3687.0,pvoutput.org,12570
12621,3004.0,pvoutput.org,12621
12698,4668.0,pvoutput.org,12698
12756,4973.0,pvoutput.org,12756
12820,3984.0,pvoutput.org,12820
12896,4020.0,pvoutput.org,12896
13034,3324.0,pvoutput.org,13034
13043,5174.0,pvoutput.org,13043
13044,4517.0,pvoutput.org,13044
13064,3617.0,pvoutput.org,13064
13120,3696.0,pvoutput.org,13120
13129,2418.0,pvoutput.org,13129
13152,3573.0,pvoutput.org,13152
13167,3936.0,pvoutput.org,13167
13215,5608.0,pvoutput.org,13215
13216,2400.0,pvoutput.org,13216
13333,4073.0,pvoutput.org,13333
13421,2574.0,pvoutput.org,13421
1344,4308.0,pvoutput.org,1344
13482,2796.0,pvoutput.org,13482
13484,2534.0,pvoutput.org,13484
13551,4401.0,pvoutput.org,13551
1364,3928.0,pvoutput.org,1364
13656,3696.0,pvoutput.org,13656
13663,3996.0,pvoutput.org,13663
13764,4476.0,pvoutput.org,13764
13859,5940.0,pvoutput.org,13859
13888,4932.0,pvoutput.org,13888
13917,4978.0,pvoutput.org,13917
13986,5016.0,pvoutput.org,13986
14266,4020.0,pvoutput.org,14266
14275,3683.0,pvoutput.org,14275
1446,2076.0,pvoutput.org,1446
14653,3617.0,pvoutput.org,14653
14735,3660.0,pvoutput.org,14735
14772,4884.0,pvoutput.org,14772
14776,3684.0,pvoutput.org,14776
14821,3618.0,pvoutput.org,14821
14841,6172.0,pvoutput.org,14841
1490,2004.0,pvoutput.org,1490
14985,3912.0,pvoutput.org,14985
1504,4944.0,pvoutput.org,1504
15124,4356.0,pvoutput.org,15124
15428,3492.0,pvoutput.org,15428
15542,5232.0,pvoutput.org,15542
15549,3696.0,pvoutput.org,15549
1556,3985.0,pvoutput.org,1556
15566,1356.0,pvoutput.org,15566
15709,2136.0,pvoutput.org,15709
15937,3542.0,pvoutput.org,15937
15972,4176.0,pvoutput.org,15972
15980,4182.0,pvoutput.org,15980
15999,4000.0,pvoutput.org,15999
1601,456.0,pvoutput.org,1601
16162,2038.0,pvoutput.org,16162
16241,4800.0,pvoutput.org,16241
1627,3780.0,pvoutput.org,1627
16316,3684.0,pvoutput.org,16316
16418,3424.0,pvoutput.org,16418
1643,3996.0,pvoutput.org,1643
1646,4980.0,pvoutput.org,1646
16465,3.0,pvoutput.org,16465
1647,2112.0,pvoutput.org,1647
16471,4380.0,pvoutput.org,16471
16662,3636.0,pvoutput.org,16662
16664,5956.0,pvoutput.org,16664
16667,4482.0,pvoutput.org,16667
16752,7248.0,pvoutput.org,16752
16971,4179.0,pvoutput.org,16971
17046,49260.0,pvoutput.org,17046
17186,2329.0,pvoutput.org,17186
17219,3948.0,pvoutput.org,17219
17245,2016.0,pvoutput.org,17245
1725,3546.0,pvoutput.org,1725
1727,5760.0,pvoutput.org,1727
17427,3276.0,pvoutput.org,17427
1746,3290.0,pvoutput.org,1746
17522,4008.0,pvoutput.org,17522
17559,3629.0,pvoutput.org,17559
17651,2940.0,pvoutput.org,17651
17699,2541.0,pvoutput.org,17699
17810,3376.0,pvoutput.org,17810
17881,4208.0,pvoutput.org,17881
17909,2254.0,pvoutput.org,17909
18037,3024.0,pvoutput.org,18037
18155,2353.0,pvoutput.org,18155
1819,2400.0,pvoutput.org,1819
18205,1800.0,pvoutput.org,18205
18225,3684.0,pvoutput.org,18225
18281,3767.0,pvoutput.org,18281
18283,2465.0,pvoutput.org,18283
18306,3296.0,pvoutput.org,18306
18320,4644.0,pvoutput.org,18320
18388,3996.0,pvoutput.org,18388
18446,9636.0,pvoutput.org,18446
18465,3616.0,pvoutput.org,18465
18468,3750.0,pvoutput.org,18468
18483,2459.0,pvoutput.org,18483
18537,3655.0,pvoutput.org,18537
18599,4140.0,pvoutput.org,18599
18695,2016.0,pvoutput.org,18695
18698,4093.0,pvoutput.org,18698
18715,4488.0,pvoutput.org,18715
1872,5720.0,pvoutput.org,1872
18750,5784.0,pvoutput.org,18750
18781,5657.0,pvoutput.org,18781
1883,2712.0,pvoutput.org,1883
1884,3000.0,pvoutput.org,1884
18841,4774.0,pvoutput.org,18841
1889,2904.0,pvoutput.org,1889
19018,2567.0,pvoutput.org,19018
19043,2974.0,pvoutput.org,19043
19048,7488.0,pvoutput.org,19048
19296,2559.0,pvoutput.org,19296
19321,2496.0,pvoutput.org,19321
19334,1213.0,pvoutput.org,19334
19379,3657.0,pvoutput.org,19379
19504,6000.0,pvoutput.org,19504
1962,5964.0,pvoutput.org,1962
1964,4440.0,pvoutput.org,1964
1974,2112.0,pvoutput.org,1974
19968,3633.0,pvoutput.org,19968
20046,3786.0,pvoutput.org,20046
20072,3828.0,pvoutput.org,20072
20146,5058.0,pvoutput.org,20146
2017,3228.0,pvoutput.org,2017
2018,3996.0,pvoutput.org,2018
20197,2004.0,pvoutput.org,20197
20241,4140.0,pvoutput.org,20241
20246,3636.0,pvoutput.org,20246
20351,4056.0,pvoutput.org,20351
20353,17.0,pvoutput.org,20353
20439,3012.0,pvoutput.org,20439
20471,2966.0,pvoutput.org,20471
20495,450.0,pvoutput.org,20495
20534,3024.0,pvoutput.org,20534
20582,5987.0,pvoutput.org,20582
20698,3588.0,pvoutput.org,20698
20730,2700.0,pvoutput.org,20730
20740,3088.0,pvoutput.org,20740
2078,2949.0,pvoutput.org,2078
20860,4008.0,pvoutput.org,20860
20973,5700.0,pvoutput.org,20973
2099,3228.0,pvoutput.org,2099
20990,3612.0,pvoutput.org,20990
21069,3132.0,pvoutput.org,21069
2108,4104.0,pvoutput.org,2108
21133,2004.0,pvoutput.org,21133
21153,3588.0,pvoutput.org,21153
21189,5437.0,pvoutput.org,21189
2119,4800.0,pvoutput.org,2119
21445,2508.0,pvoutput.org,21445
21537,3012.0,pvoutput.org,21537
2155,3024.0,pvoutput.org,2155
21570,3610.0,pvoutput.org,21570
21649,3850.0,pvoutput.org,21649
2173,3756.0,pvoutput.org,2173
2175,3012.0,pvoutput.org,2175
2176,5460.0,pvoutput.org,2176
2191,5569.0,pvoutput.org,2191
21988,5737.0,pvoutput.org,21988
21990,3135.0,pvoutput.org,21990
21995,4103.0,pvoutput.org,21995
22047,3816.0,pvoutput.org,22047
2213,4272.0,pvoutput.org,2213
22182,1650.0,pvoutput.org,22182
22192,2219.0,pvoutput.org,22192
22195,3672.0,pvoutput.org,22195
2221,2011.0,pvoutput.org,2221
22252,4421.0,pvoutput.org,22252
22357,2477.0,pvoutput.org,22357
2241,4908.0,pvoutput.org,2241
22455,3828.0,pvoutput.org,22455
2248,3012.0,pvoutput.org,2248
22528,3651.0,pvoutput.org,22528
2264,5052.0,pvoutput.org,2264
22655,3632.0,pvoutput.org,22655
22668,5004.0,pvoutput.org,22668
22677,3780.0,pvoutput.org,22677
2270,5922.0,pvoutput.org,2270
22778,5609.0,pvoutput.org,22778
2280,3996.0,pvoutput.org,2280
22850,5740.0,pvoutput.org,22850
2287,2760.0,pvoutput.org,2287
2290,3866.0,pvoutput.org,2290
22903,142140.0,pvoutput.org,22903
22934,3684.0,pvoutput.org,22934
23028,5016.0,pvoutput.org,23028
23049,4860.0,pvoutput.org,23049
23156,2941.0,pvoutput.org,23156
23236,3946.0,pvoutput.org,23236
2329,2033.0,pvoutput.org,2329
23332,2388.0,pvoutput.org,23332
23440,4824.0,pvoutput.org,23440
23537,2721.0,pvoutput.org,23537
23796,5364.0,pvoutput.org,23796
23803,3100.0,pvoutput.org,23803
23903,7428.0,pvoutput.org,23903
24027,4523.0,pvoutput.org,24027
24070,4067.0,pvoutput.org,24070
2420,34128.0,pvoutput.org,2420
24208,8748.0,pvoutput.org,24208
2421,2688.0,pvoutput.org,2421
24263,5127.0,pvoutput.org,24263
24268,5521.0,pvoutput.org,24268
24317,4116.0,pvoutput.org,24317
24379,4620.0,pvoutput.org,24379
24384,2064.0,pvoutput.org,24384
24408,2239.0,pvoutput.org,24408
24464,2283.0,pvoutput.org,24464
24486,3815.0,pvoutput.org,24486
24565,4141.0,pvoutput.org,24565
24599,3896.0,pvoutput.org,24599
24647,97668.0,pvoutput.org,24647
24667,1920.0,pvoutput.org,24667
24809,3354.0,pvoutput.org,24809
2484,3290.0,pvoutput.org,2484
2488,4524.0,pvoutput.org,2488
2490,375016.0,pvoutput.org,2490
24953,1252.0,pvoutput.org,24953
24983,935.0,pvoutput.org,24983
25075,3639.0,pvoutput.org,25075
25122,5818.0,pvoutput.org,25122
25217,3168.0,pvoutput.org,25217
25499,4061.0,pvoutput.org,25499
2566,4284.0,pvoutput.org,2566
25687,4161.0,pvoutput.org,25687
25724,5465.0,pvoutput.org,25724
2578,3492.0,pvoutput.org,2578
25797,4169.0,pvoutput.org,25797
25802,3464.0,pvoutput.org,25802
2581,3596.0,pvoutput.org,2581
25940,3672.0,pvoutput.org,25940
26065,3636.0,pvoutput.org,26065
26123,7180.0,pvoutput.org,26123
26146,19884.0,pvoutput.org,26146
26147,9888.0,pvoutput.org,26147
26148,4182.0,pvoutput.org,26148
26246,46.0,pvoutput.org,26246
26277,2191.0,pvoutput.org,26277
26297,37559.0,pvoutput.org,26297
26463,4208.0,pvoutput.org,26463
26558,3766.0,pvoutput.org,26558
26572,2508.0,pvoutput.org,26572
26619,4367.0,pvoutput.org,26619
2672,4064.0,pvoutput.org,2672
2696,3191.0,pvoutput.org,2696
26965,125925.0,pvoutput.org,26965
26968,3456.0,pvoutput.org,26968
27003,48084.0,pvoutput.org,27003
27032,5178.0,pvoutput.org,27032
27086,3000.0,pvoutput.org,27086
27124,3732.0,pvoutput.org,27124
2715,12864.0,pvoutput.org,2715
2717,4520.0,pvoutput.org,2717
27204,4019.0,pvoutput.org,27204
27336,3025.0,pvoutput.org,27336
27372,3381.0,pvoutput.org,27372
27404,2932.0,pvoutput.org,27404
27485,5598.0,pvoutput.org,27485
2756,3720.0,pvoutput.org,2756
27561,3.0,pvoutput.org,27561
27577,5016.0,pvoutput.org,27577
27604,693.0,pvoutput.org,27604
27649,2350.0,pvoutput.org,27649
27664,1837.0,pvoutput.org,27664
27677,2032.0,pvoutput.org,27677
27693,3508.0,pvoutput.org,27693
2775,4452.0,pvoutput.org,2775
27768,2508.0,pvoutput.org,27768
27802,3735.0,pvoutput.org,27802
27860,3712.0,pvoutput.org,27860
27901,0.0,pvoutput.org,27901
27940,3774.0,pvoutput.org,27940
28017,3580.0,pvoutput.org,28017
28021,3914.0,pvoutput.org,28021
28085,5107.0,pvoutput.org,28085
28103,4489.0,pvoutput.org,28103
28154,3696.0,pvoutput.org,28154
28164,3716.0,pvoutput.org,28164
2817,3312.0,pvoutput.org,2817
28207,24303.0,pvoutput.org,28207
28278,3851.0,pvoutput.org,28278
2829,3804.0,pvoutput.org,2829
28300,3620.0,pvoutput.org,28300
28328,3597.0,pvoutput.org,28328
28462,4676.0,pvoutput.org,28462
28551,6341.0,pvoutput.org,28551
2863,4956.0,pvoutput.org,2863
2871,3681.0,pvoutput.org,2871
28770,3748.0,pvoutput.org,28770
28805,3609.0,pvoutput.org,28805
28826,5086.0,pvoutput.org,28826
28936,3607.0,pvoutput.org,28936
28938,3636.0,pvoutput.org,28938
28989,4020.0,pvoutput.org,28989
29021,2322.0,pvoutput.org,29021
29022,4307.0,pvoutput.org,29022
29040,8400.0,pvoutput.org,29040
29058,3800.0,pvoutput.org,29058
29063,4432.0,pvoutput.org,29063
29153,1497.0,pvoutput.org,29153
29194,3620.0,pvoutput.org,29194
2920,3624.0,pvoutput.org,2920
29243,430.0,pvoutput.org,29243
29246,3983.0,pvoutput.org,29246
29273,3012.0,pvoutput.org,29273
29299,2796.0,pvoutput.org,29299
29307,3156.0,pvoutput.org,29307
29332,3593.0,pvoutput.org,29332
29361,4120.0,pvoutput.org,29361
2940,4072.0,pvoutput.org,2940
29410,3625.0,pvoutput.org,29410
2946,3802.0,pvoutput.org,2946
2947,2976.0,pvoutput.org,2947
29668,29424.0,pvoutput.org,29668
2970,4800.0,pvoutput.org,2970
29740,3696.0,pvoutput.org,29740
2976,3997.0,pvoutput.org,2976
29770,3423.0,pvoutput.org,29770
2980,5580.0,pvoutput.org,2980
29811,2799.0,pvoutput.org,29811
29907,6888.0,pvoutput.org,29907
29916,3966.0,pvoutput.org,29916
29954,2508.0,pvoutput.org,29954
2998,4043.0,pvoutput.org,2998
3014,6482.0,pvoutput.org,3014
30160,5776.0,pvoutput.org,30160
30210,4200.0,pvoutput.org,30210
30241,3091.0,pvoutput.org,30241
30244,3600.0,pvoutput.org,30244
30248,3045.0,pvoutput.org,30248
30313,3762.0,pvoutput.org,30313
3036,3335.0,pvoutput.org,3036
30434,3060.0,pvoutput.org,30434
30474,3031.0,pvoutput.org,30474
30495,11664.0,pvoutput.org,30495
30496,3910.0,pvoutput.org,30496
30582,4092.0,pvoutput.org,30582
3064,5808.0,pvoutput.org,3064
3074,3804.0,pvoutput.org,3074
30774,3628.0,pvoutput.org,30774
3079,3012.0,pvoutput.org,3079
30872,5793.0,pvoutput.org,30872
30898,3613.0,pvoutput.org,30898
30951,3632.0,pvoutput.org,30951
30962,4104.0,pvoutput.org,30962
30989,2909.0,pvoutput.org,30989
3099,2568.0,pvoutput.org,3099
31053,3810.0,pvoutput.org,31053
31056,3696.0,pvoutput.org,31056
31072,3876.0,pvoutput.org,31072
31144,4255.0,pvoutput.org,31144
31350,4586.0,pvoutput.org,31350
31469,3058.0,pvoutput.org,31469
31472,3680.0,pvoutput.org,31472
31580,2985.0,pvoutput.org,31580
31707,5088.0,pvoutput.org,31707
31753,0.0,pvoutput.org,31753
3176,4008.0,pvoutput.org,3176
31819,2000.0,pvoutput.org,31819
31850,1992.0,pvoutput.org,31850
31855,3696.0,pvoutput.org,31855
31879,498.0,pvoutput.org,31879
31953,3771.0,pvoutput.org,31953
31970,3054.0,pvoutput.org,31970
31982,4428.0,pvoutput.org,31982
31983,4032.0,pvoutput.org,31983
32012,5256.0,pvoutput.org,32012
32071,3000.0,pvoutput.org,32071
32101,8196.0,pvoutput.org,32101
32131,4164.0,pvoutput.org,32131
3220,4057.0,pvoutput.org,3220
32266,4008.0,pvoutput.org,32266
32307,1976.0,pvoutput.org,32307
32437,2651.0,pvoutput.org,32437
32498,4722.0,pvoutput.org,32498
3253,4107.0,pvoutput.org,3253
32548,3577.0,pvoutput.org,32548
32581,2724.0,pvoutput.org,32581
32622,11352.0,pvoutput.org,32622
32652,5986.0,pvoutput.org,32652
32674,1356.0,pvoutput.org,32674
32676,1310.0,pvoutput.org,32676
3286,5052.0,pvoutput.org,3286
32961,3738.0,pvoutput.org,32961
3302,3125.0,pvoutput.org,3302
33130,3201.0,pvoutput.org,33130
33242,3142.0,pvoutput.org,33242
33380,3012.0,pvoutput.org,33380
33422,3593.0,pvoutput.org,33422
33485,2424.0,pvoutput.org,33485
33556,4982.0,pvoutput.org,33556
33558,5877.0,pvoutput.org,33558
33720,4061.0,pvoutput.org,33720
33771,3853.0,pvoutput.org,33771
33929,4117.0,pvoutput.org,33929
33976,3776.0,pvoutput.org,33976
33977,3075.0,pvoutput.org,33977
33993,2388.0,pvoutput.org,33993
33994,1009.0,pvoutput.org,33994
34000,4971.0,pvoutput.org,34000
34014,2508.0,pvoutput.org,34014
34165,1806.0,pvoutput.org,34165
34183,3610.0,pvoutput.org,34183
34186,3518.0,pvoutput.org,34186
34265,3927.0,pvoutput.org,34265
34273,29634.0,pvoutput.org,34273
34274,20937.0,pvoutput.org,34274
34279,3851.0,pvoutput.org,34279
34292,5220.0,pvoutput.org,34292
3433,3972.0,pvoutput.org,3433
34337,3130.0,pvoutput.org,34337
34379,4004.0,pvoutput.org,34379
3449,3835.0,pvoutput.org,3449
34535,4063.0,pvoutput.org,34535
34618,2780.0,pvoutput.org,34618
3467,829.0,pvoutput.org,3467
34738,3208.0,pvoutput.org,34738
3482,3948.0,pvoutput.org,3482
34828,1127.0,pvoutput.org,34828
34920,3609.0,pvoutput.org,34920
34921,1262.0,pvoutput.org,34921
34973,3792.0,pvoutput.org,34973
34981,5054.0,pvoutput.org,34981
35052,3839.0,pvoutput.org,35052
35059,2808.0,pvoutput.org,35059
35340,2948.0,pvoutput.org,35340
35351,2904.0,pvoutput.org,35351
35481,3615.0,pvoutput.org,35481
35498,3107.0,pvoutput.org,35498
35502,3646.0,pvoutput.org,35502
35592,5784.0,pvoutput.org,35592
35625,4365.0,pvoutput.org,35625
3576,1116.0,pvoutput.org,3576
3579,5127.0,pvoutput.org,3579
3586,2496.0,pvoutput.org,3586
35863,4059.0,pvoutput.org,35863
35931,1548.0,pvoutput.org,35931
35952,74160.0,pvoutput.org,35952
35955,3984.0,pvoutput.org,35955
36019,4748.0,pvoutput.org,36019
3602,4320.0,pvoutput.org,3602
36056,3012.0,pvoutput.org,36056
36091,4404.0,pvoutput.org,36091
36130,3858.0,pvoutput.org,36130
36150,3665.0,pvoutput.org,36150
36154,3815.0,pvoutput.org,36154
36210,1832.0,pvoutput.org,36210
36263,3934.0,pvoutput.org,36263
3627,3863.0,pvoutput.org,3627
36338,5316.0,pvoutput.org,36338
36351,4500.0,pvoutput.org,36351
36374,4228.0,pvoutput.org,36374
36379,4147.0,pvoutput.org,36379
36386,1318.0,pvoutput.org,36386
3641,3948.0,pvoutput.org,3641
36419,3645.0,pvoutput.org,36419
3642,4368.0,pvoutput.org,3642
36470,356.0,pvoutput.org,36470
36482,1673.0,pvoutput.org,36482
36504,3327.0,pvoutput.org,36504
3651,3996.0,pvoutput.org,3651
36514,2600.0,pvoutput.org,36514
36538,3167.0,pvoutput.org,36538
36552,2542.0,pvoutput.org,36552
36566,4158.0,pvoutput.org,36566
36582,2479.0,pvoutput.org,36582
36602,2840.0,pvoutput.org,36602
36646,2744.0,pvoutput.org,36646
36661,3618.0,pvoutput.org,36661
36673,3808.0,pvoutput.org,36673
36721,2402.0,pvoutput.org,36721
3674,3984.0,pvoutput.org,3674
36770,3336.0,pvoutput.org,36770
36799,3054.0,pvoutput.org,36799
36800,2767.0,pvoutput.org,36800
36910,201.0,pvoutput.org,36910
36940,2962.0,pvoutput.org,36940
36956,3293.0,pvoutput.org,36956
36968,2245.0,pvoutput.org,36968
36984,3791.0,pvoutput.org,36984
37008,3727.0,pvoutput.org,37008
3701,3828.0,pvoutput.org,3701
37021,3960.0,pvoutput.org,37021
37029,1980.0,pvoutput.org,37029
37032,1980.0,pvoutput.org,37032
37035,513.0,pvoutput.org,37035
37057,3723.0,pvoutput.org,37057
37076,3712.0,pvoutput.org,37076
37079,3977.0,pvoutput.org,37079
37107,3827.0,pvoutput.org,37107
37118,6131.0,pvoutput.org,37118
37130,2128.0,pvoutput.org,37130
3716,5754.0,pvoutput.org,3716
37162,6000.0,pvoutput.org,37162
3719,3996.0,pvoutput.org,3719
37207,3756.0,pvoutput.org,37207
37225,3112.0,pvoutput.org,37225
37237,3696.0,pvoutput.org,37237
37242,3685.0,pvoutput.org,37242
37252,2376.0,pvoutput.org,37252
37292,2415.0,pvoutput.org,37292
37295,2845.0,pvoutput.org,37295
37325,3329.0,pvoutput.org,37325
3737,5040.0,pvoutput.org,3737
37373,2277.0,pvoutput.org,37373
37389,2684.0,pvoutput.org,37389
3739,4008.0,pvoutput.org,3739
37449,3735.0,pvoutput.org,37449
37507,2776.0,pvoutput.org,37507
37543,4786.0,pvoutput.org,37543
37600,1895.0,pvoutput.org,37600
3761,3996.0,pvoutput.org,3761
3764,4296.0,pvoutput.org,3764
37661,3899.0,pvoutput.org,37661
37685,2571.0,pvoutput.org,37685
37689,3162.0,pvoutput.org,37689
37694,3239.0,pvoutput.org,37694
37699,3135.0,pvoutput.org,37699
37722,4030.0,pvoutput.org,37722
37723,3560.0,pvoutput.org,37723
3774,3024.0,pvoutput.org,3774
37763,3429.0,pvoutput.org,37763
3788,2305.0,pvoutput.org,3788
3789,4656.0,pvoutput.org,3789
37893,3329.0,pvoutput.org,37893
37901,1493.0,pvoutput.org,37901
3791,4368.0,pvoutput.org,3791
3801,4008.0,pvoutput.org,3801
38020,3160.0,pvoutput.org,38020
38033,4052.0,pvoutput.org,38033
38067,3931.0,pvoutput.org,38067
38074,3161.0,pvoutput.org,38074
38102,3335.0,pvoutput.org,38102
3816,4296.0,pvoutput.org,3816
38161,3311.0,pvoutput.org,38161
38232,5976.0,pvoutput.org,38232
38254,977.0,pvoutput.org,38254
38256,3896.0,pvoutput.org,38256
3838,4008.0,pvoutput.org,3838
38467,5744.0,pvoutput.org,38467
38468,3735.0,pvoutput.org,38468
3853,4296.0,pvoutput.org,3853
3857,3420.0,pvoutput.org,3857
38575,2340.0,pvoutput.org,38575
38587,3756.0,pvoutput.org,38587
38618,2827.0,pvoutput.org,38618
3864,2934.0,pvoutput.org,3864
38754,3799.0,pvoutput.org,38754
38783,3842.0,pvoutput.org,38783
38842,2296.0,pvoutput.org,38842
38843,0.0,pvoutput.org,38843
38892,4316.0,pvoutput.org,38892
38895,2180.0,pvoutput.org,38895
38924,3326.0,pvoutput.org,38924
38950,1827.0,pvoutput.org,38950
3897,2062.0,pvoutput.org,3897
3898,2508.0,pvoutput.org,3898
39073,3095.0,pvoutput.org,39073
39083,9840.0,pvoutput.org,39083
39096,14467.0,pvoutput.org,39096
39098,10014.0,pvoutput.org,39098
39113,2989.0,pvoutput.org,39113
39131,2920.0,pvoutput.org,39131
3926,1908.0,pvoutput.org,3926
39343,3348.0,pvoutput.org,39343
39381,3883.0,pvoutput.org,39381
39417,4277.0,pvoutput.org,39417
39431,3727.0,pvoutput.org,39431
39475,8423.0,pvoutput.org,39475
39499,2798.0,pvoutput.org,39499
3951,3996.0,pvoutput.org,3951
39533,5598.0,pvoutput.org,39533
39698,3204.0,pvoutput.org,39698
39706,3031.0,pvoutput.org,39706
39777,5977.0,pvoutput.org,39777
39787,2592.0,pvoutput.org,39787
3981,3636.0,pvoutput.org,3981
3984,5307.0,pvoutput.org,3984
39851,2500.0,pvoutput.org,39851
39853,4416.0,pvoutput.org,39853
39885,2622.0,pvoutput.org,39885
39920,3003.0,pvoutput.org,39920
39940,5982.0,pvoutput.org,39940
39961,2724.0,pvoutput.org,39961
39983,239.0,pvoutput.org,39983
39985,239.0,pvoutput.org,39985
39986,246.0,pvoutput.org,39986
39987,246.0,pvoutput.org,39987
39988,243.0,pvoutput.org,39988
39989,239.0,pvoutput.org,39989
39990,242.0,pvoutput.org,39990
39991,249.0,pvoutput.org,39991
40057,3410.0,pvoutput.org,40057
40124,3950.0,pvoutput.org,40124
40175,3921.0,pvoutput.org,40175
40193,1161.0,pvoutput.org,40193
40277,2859.0,pvoutput.org,40277
40283,3600.0,pvoutput.org,40283
40332,2886.0,pvoutput.org,40332
4039,4008.0,pvoutput.org,4039
40421,3384.0,pvoutput.org,40421
40444,2937.0,pvoutput.org,40444
40510,2711.0,pvoutput.org,40510
40523,6892.0,pvoutput.org,40523
40561,5306.0,pvoutput.org,40561
40562,3986.0,pvoutput.org,40562
40607,99.0,pvoutput.org,40607
40666,3828.0,pvoutput.org,40666
40680,3184.0,pvoutput.org,40680
40760,3541.0,pvoutput.org,40760
40784,3158.0,pvoutput.org,40784
40792,3696.0,pvoutput.org,40792
40802,3484.0,pvoutput.org,40802
40808,1.0,pvoutput.org,40808
40833,3706.0,pvoutput.org,40833
40842,3797.0,pvoutput.org,40842
40844,83352.0,pvoutput.org,40844
40862,1713.0,pvoutput.org,40862
40864,1585.0,pvoutput.org,40864
40881,6492.0,pvoutput.org,40881
40941,1980.0,pvoutput.org,40941
40943,3937.0,pvoutput.org,40943
40993,3943.0,pvoutput.org,40993
41022,2844.0,pvoutput.org,41022
41025,1452.0,pvoutput.org,41025
4105,4007.0,pvoutput.org,4105
41057,3161.0,pvoutput.org,41057
41064,3217.0,pvoutput.org,41064
41071,3623.0,pvoutput.org,41071
41079,2004.0,pvoutput.org,41079
41087,4027.0,pvoutput.org,41087
4113,5067.0,pvoutput.org,4113
41176,2436.0,pvoutput.org,41176
41223,3641.0,pvoutput.org,41223
41241,2352.0,pvoutput.org,41241
41275,3617.0,pvoutput.org,41275
41333,3617.0,pvoutput.org,41333
4136,3720.0,pvoutput.org,4136
4153,5928.0,pvoutput.org,4153
41545,4198.0,pvoutput.org,41545
41563,3155.0,pvoutput.org,41563
4158,5040.0,pvoutput.org,4158
4160,2808.0,pvoutput.org,4160
41606,2016.0,pvoutput.org,41606
41607,3884.0,pvoutput.org,41607
41620,4080.0,pvoutput.org,41620
41651,3732.0,pvoutput.org,41651
41680,4888.0,pvoutput.org,41680
4170,4864.0,pvoutput.org,4170
41707,4028.0,pvoutput.org,41707
41709,3048.0,pvoutput.org,41709
41721,2856.0,pvoutput.org,41721
41723,2988.0,pvoutput.org,41723
41775,4061.0,pvoutput.org,41775
41795,3947.0,pvoutput.org,41795
41797,3813.0,pvoutput.org,41797
41802,3072.0,pvoutput.org,41802
41820,4011.0,pvoutput.org,41820
41841,6220.0,pvoutput.org,41841
41865,5536.0,pvoutput.org,41865
41873,5733.0,pvoutput.org,41873
41944,3012.0,pvoutput.org,41944
41946,3000.0,pvoutput.org,41946
41956,6000.0,pvoutput.org,41956
4196,3996.0,pvoutput.org,4196
41963,3011.0,pvoutput.org,41963
41970,2544.0,pvoutput.org,41970
41999,3771.0,pvoutput.org,41999
42056,2040.0,pvoutput.org,42056
4206,4931.0,pvoutput.org,4206
42109,4220.0,pvoutput.org,42109
42125,3608.0,pvoutput.org,42125
42146,1421.0,pvoutput.org,42146
4219,4030.0,pvoutput.org,4219
4220,3996.0,pvoutput.org,4220
42248,3609.0,pvoutput.org,42248
42265,3483.0,pvoutput.org,42265
42338,3494.0,pvoutput.org,42338
42343,2895.0,pvoutput.org,42343
42346,4110.0,pvoutput.org,42346
42347,7743.0,pvoutput.org,42347
42358,3703.0,pvoutput.org,42358
4248,3852.0,pvoutput.org,4248
4252,4308.0,pvoutput.org,4252
4256,3072.0,pvoutput.org,4256
42586,485580.0,pvoutput.org,42586
4264,4504.0,pvoutput.org,4264
42641,5958.0,pvoutput.org,42641
42642,11494.0,pvoutput.org,42642
4265,2809.0,pvoutput.org,4265
42656,16237.0,pvoutput.org,42656
4275,3648.0,pvoutput.org,4275
4276,3000.0,pvoutput.org,4276
42763,5004.0,pvoutput.org,42763
42765,10794.0,pvoutput.org,42765
42767,3593.0,pvoutput.org,42767
42795,3602.0,pvoutput.org,42795
42807,9813.0,pvoutput.org,42807
42898,3759.0,pvoutput.org,42898
42925,3990.0,pvoutput.org,42925
42939,4035.0,pvoutput.org,42939
42949,3744.0,pvoutput.org,42949
43017,3967.0,pvoutput.org,43017
43081,4347.0,pvoutput.org,43081
43083,4133.0,pvoutput.org,43083
43127,3766.0,pvoutput.org,43127
43157,8092.0,pvoutput.org,43157
43208,3404.0,pvoutput.org,43208
43220,3312.0,pvoutput.org,43220
43224,3652.0,pvoutput.org,43224
43234,4031.0,pvoutput.org,43234
43247,2626.0,pvoutput.org,43247
43266,3083.0,pvoutput.org,43266
4336,2508.0,pvoutput.org,4336
43392,9036.0,pvoutput.org,43392
4341,5856.0,pvoutput.org,4341
43421,3960.0,pvoutput.org,43421
43425,2554.0,pvoutput.org,43425
43586,2029.0,pvoutput.org,43586
43626,3125.0,pvoutput.org,43626
43628,52572.0,pvoutput.org,43628
43629,3380.0,pvoutput.org,43629
43651,3192.0,pvoutput.org,43651
4368,1332.0,pvoutput.org,4368
43694,3829.0,pvoutput.org,43694
43717,3594.0,pvoutput.org,43717
43723,3359.0,pvoutput.org,43723
4387,2016.0,pvoutput.org,4387
4398,2496.0,pvoutput.org,4398
44001,3657.0,pvoutput.org,44001
4402,1980.0,pvoutput.org,4402
44054,948.0,pvoutput.org,44054
44057,3024.0,pvoutput.org,44057
44069,3512.0,pvoutput.org,44069
4409,3817.0,pvoutput.org,4409
44135,2152.0,pvoutput.org,44135
44174,4068.0,pvoutput.org,44174
44296,3994.0,pvoutput.org,44296
4430,3041.0,pvoutput.org,4430
4431,4800.0,pvoutput.org,4431
4432,4008.0,pvoutput.org,4432
4442,4908.0,pvoutput.org,4442
4444,2484.0,pvoutput.org,4444
4458,4008.0,pvoutput.org,4458
44609,5711.0,pvoutput.org,44609
44655,2937.0,pvoutput.org,44655
44673,2016.0,pvoutput.org,44673
44678,2525.0,pvoutput.org,44678
44708,2500.0,pvoutput.org,44708
4475,2004.0,pvoutput.org,4475
4478,2820.0,pvoutput.org,4478
4481,1707.0,pvoutput.org,4481
4482,1127.0,pvoutput.org,4482
4483,4932.0,pvoutput.org,4483
44836,4014.0,pvoutput.org,44836
44878,2381.0,pvoutput.org,44878
44926,3661.0,pvoutput.org,44926
4501,4140.0,pvoutput.org,4501
4502,3999.0,pvoutput.org,4502
45027,2245.0,pvoutput.org,45027
4504,5163.0,pvoutput.org,4504
45065,3270.0,pvoutput.org,45065
45118,3785.0,pvoutput.org,45118
4514,5610.0,pvoutput.org,4514
45235,3816.0,pvoutput.org,45235
45334,3623.0,pvoutput.org,45334
45413,3947.0,pvoutput.org,45413
4545,1956.0,pvoutput.org,4545
45465,4121.0,pvoutput.org,45465
45531,3216.0,pvoutput.org,45531
45555,3052.0,pvoutput.org,45555
45557,3684.0,pvoutput.org,45557
45571,9519.0,pvoutput.org,45571
45610,494.0,pvoutput.org,45610
4565,3044.0,pvoutput.org,4565
4575,3051.0,pvoutput.org,4575
4576,3600.0,pvoutput.org,4576
45794,4041.0,pvoutput.org,45794
4587,4008.0,pvoutput.org,4587
4592,4735.0,pvoutput.org,4592
45928,3536.0,pvoutput.org,45928
45935,3992.0,pvoutput.org,45935
4594,2562.0,pvoutput.org,4594
45979,3778.0,pvoutput.org,45979
46027,4019.0,pvoutput.org,46027
46042,2897.0,pvoutput.org,46042
46044,3775.0,pvoutput.org,46044
4611,4668.0,pvoutput.org,4611
4613,3998.0,pvoutput.org,4613
4619,4008.0,pvoutput.org,4619
4623,4008.0,pvoutput.org,4623
4630,5044.0,pvoutput.org,4630
46446,4008.0,pvoutput.org,46446
4659,4428.0,pvoutput.org,4659
46596,3983.0,pvoutput.org,46596
4670,4494.0,pvoutput.org,4670
4673,5196.0,pvoutput.org,4673
46781,2745.0,pvoutput.org,46781
4681,2323.0,pvoutput.org,4681
46858,5990.0,pvoutput.org,46858
46959,2340.0,pvoutput.org,46959
47022,497.0,pvoutput.org,47022
47076,3933.0,pvoutput.org,47076
4708,3610.0,pvoutput.org,4708
4709,4096.0,pvoutput.org,4709
47147,3340.0,pvoutput.org,47147
47256,2190.0,pvoutput.org,47256
47309,2316.0,pvoutput.org,47309
4740,2995.0,pvoutput.org,4740
4741,4008.0,pvoutput.org,4741
4742,5249.0,pvoutput.org,4742
4745,4008.0,pvoutput.org,4745
47486,5149.0,pvoutput.org,47486
47506,2705.0,pvoutput.org,47506
4753,5800.0,pvoutput.org,4753
4761,3000.0,pvoutput.org,4761
47616,2565.0,pvoutput.org,47616
4766,3816.0,pvoutput.org,4766
47663,1128.0,pvoutput.org,47663
4771,4056.0,pvoutput.org,4771
47735,0.0,pvoutput.org,47735
47847,3948.0,pvoutput.org,47847
4791,3644.0,pvoutput.org,4791
47944,679.0,pvoutput.org,47944
47945,4257.0,pvoutput.org,47945
4803,3996.0,pvoutput.org,4803
4804,3679.0,pvoutput.org,4804
48086,4548.0,pvoutput.org,48086
48087,4516.0,pvoutput.org,48087
48152,3721.0,pvoutput.org,48152
4816,2634.0,pvoutput.org,4816
4817,2988.0,pvoutput.org,4817
4821,3640.0,pvoutput.org,4821
48225,4010.0,pvoutput.org,48225
48242,2436.0,pvoutput.org,48242
48279,4678.0,pvoutput.org,48279
48322,4099.0,pvoutput.org,48322
4836,1572.0,pvoutput.org,4836
4842,4022.0,pvoutput.org,4842
4844,3972.0,pvoutput.org,4844
4854,3672.0,pvoutput.org,4854
48636,6093.0,pvoutput.org,48636
4867,4278.0,pvoutput.org,4867
4883,3984.0,pvoutput.org,4883
48906,2916.0,pvoutput.org,48906
48933,2498.0,pvoutput.org,48933
48984,1262.0,pvoutput.org,48984
4910,5456.0,pvoutput.org,4910
4916,3551.0,pvoutput.org,4916
4928,3647.0,pvoutput.org,4928
4930,2558.0,pvoutput.org,4930
4941,4209.0,pvoutput.org,4941
4943,5676.0,pvoutput.org,4943
4948,5461.0,pvoutput.org,4948
4951,4771.0,pvoutput.org,4951
4954,2096.0,pvoutput.org,4954
4956,4200.0,pvoutput.org,4956
49628,4488.0,pvoutput.org,49628
49641,735.0,pvoutput.org,49641
49643,3217.0,pvoutput.org,49643
49667,4596.0,pvoutput.org,49667
4967,2004.0,pvoutput.org,4967
49693,3501.0,pvoutput.org,49693
49697,4799.0,pvoutput.org,49697
4974,4584.0,pvoutput.org,4974
4982,1213.0,pvoutput.org,4982
4984,3396.0,pvoutput.org,4984
4985,3012.0,pvoutput.org,4985
49879,3609.0,pvoutput.org,49879
49887,3837.0,pvoutput.org,49887
49888,3611.0,pvoutput.org,49888
4996,1868.0,pvoutput.org,4996
5001,1771.0,pvoutput.org,5001
5003,6516.0,pvoutput.org,5003
5007,4020.0,pvoutput.org,5007
50183,3764.0,pvoutput.org,50183
50306,1742.0,pvoutput.org,50306
50344,5506.0,pvoutput.org,50344
5036,2220.0,pvoutput.org,5036
5039,3012.0,pvoutput.org,5039
5049,3978.0,pvoutput.org,5049
5050,4969.0,pvoutput.org,5050
50508,2484.0,pvoutput.org,50508
5056,3852.0,pvoutput.org,5056
50585,3564.0,pvoutput.org,50585
5065,3849.0,pvoutput.org,5065
50659,2265.0,pvoutput.org,50659
50696,1677.0,pvoutput.org,50696
5075,4595.0,pvoutput.org,5075
5086,5342.0,pvoutput.org,5086
50963,2220.0,pvoutput.org,50963
50991,4228.0,pvoutput.org,50991
51021,3229.0,pvoutput.org,51021
51037,3984.0,pvoutput.org,51037
5116,36546.0,pvoutput.org,5116
51247,5353.0,pvoutput.org,51247
5128,33858.0,pvoutput.org,5128
51303,3737.0,pvoutput.org,51303
51344,2350.0,pvoutput.org,51344
51345,6571.0,pvoutput.org,51345
51358,3421.0,pvoutput.org,51358
5144,1589.0,pvoutput.org,5144
51545,6851.0,pvoutput.org,51545
51566,3781.0,pvoutput.org,51566
51657,8573.0,pvoutput.org,51657
5168,4860.0,pvoutput.org,5168
5182,3948.0,pvoutput.org,5182
51861,428.0,pvoutput.org,51861
5197,732.0,pvoutput.org,5197
52020,2496.0,pvoutput.org,52020
5210,11724.0,pvoutput.org,5210
52245,3131.0,pvoutput.org,52245
52254,1193.0,pvoutput.org,52254
5233,3308.0,pvoutput.org,5233
5242,3673.0,pvoutput.org,5242
5257,59402.0,pvoutput.org,5257
52840,4873.0,pvoutput.org,52840
5286,1704.0,pvoutput.org,5286
5287,3780.0,pvoutput.org,5287
5296,3708.0,pvoutput.org,5296
52999,3768.0,pvoutput.org,52999
53025,3768.0,pvoutput.org,53025
5309,3960.0,pvoutput.org,5309
53147,3975.0,pvoutput.org,53147
53149,3804.0,pvoutput.org,53149
53512,3194.0,pvoutput.org,53512
5353,4008.0,pvoutput.org,5353
5356,2784.0,pvoutput.org,5356
53582,498.0,pvoutput.org,53582
5359,2508.0,pvoutput.org,5359
5364,3960.0,pvoutput.org,5364
53773,2340.0,pvoutput.org,53773
53787,3484.0,pvoutput.org,53787
54014,1836.0,pvoutput.org,54014
5407,3221.0,pvoutput.org,5407
5415,2350.0,pvoutput.org,5415
5417,3792.0,pvoutput.org,5417
5421,4109.0,pvoutput.org,5421
5431,5982.0,pvoutput.org,5431
54370,2628.0,pvoutput.org,54370
54397,2952.0,pvoutput.org,54397
5444,2736.0,pvoutput.org,5444
5446,457644.0,pvoutput.org,5446
5447,2634.0,pvoutput.org,5447
54627,2298.0,pvoutput.org,54627
54695,3387.0,pvoutput.org,54695
54716,6396.0,pvoutput.org,54716
54745,4932.0,pvoutput.org,54745
54756,2080.0,pvoutput.org,54756
5478,5999.0,pvoutput.org,5478
54910,3680.0,pvoutput.org,54910
5492,3168.0,pvoutput.org,5492
55005,5816.0,pvoutput.org,55005
5511,3012.0,pvoutput.org,5511
5526,2115.0,pvoutput.org,5526
55313,4164.0,pvoutput.org,55313
5556,2020.0,pvoutput.org,5556
5566,5984.0,pvoutput.org,5566
5577,2508.0,pvoutput.org,5577
5578,3063.0,pvoutput.org,5578
5579,3996.0,pvoutput.org,5579
55846,4399.0,pvoutput.org,55846
5592,3924.0,pvoutput.org,5592
55955,3804.0,pvoutput.org,55955
56111,5437.0,pvoutput.org,56111
56270,4660.0,pvoutput.org,56270
56286,930.0,pvoutput.org,56286
56372,2306.0,pvoutput.org,56372
56414,3990.0,pvoutput.org,56414
5645,12630.0,pvoutput.org,5645
56457,9442.0,pvoutput.org,56457
56720,2265.0,pvoutput.org,56720
5675,3466.0,pvoutput.org,5675
5676,950.0,pvoutput.org,5676
56798,1992.0,pvoutput.org,56798
56874,4314.0,pvoutput.org,56874
56984,1692.0,pvoutput.org,56984
57004,3633.0,pvoutput.org,57004
5701,9072.0,pvoutput.org,5701
57029,6828.0,pvoutput.org,57029
57106,1763.0,pvoutput.org,57106
5711,3720.0,pvoutput.org,5711
57140,4416.0,pvoutput.org,57140
5719,4464.0,pvoutput.org,5719
5728,0.0,pvoutput.org,5728
5729,53340.0,pvoutput.org,5729
57523,3734.0,pvoutput.org,57523
57569,2260.0,pvoutput.org,57569
5764,2988.0,pvoutput.org,5764
57640,3936.0,pvoutput.org,57640
5766,4020.0,pvoutput.org,5766
57732,3780.0,pvoutput.org,57732
57751,3780.0,pvoutput.org,57751
5791,3378.0,pvoutput.org,5791
5802,3069.0,pvoutput.org,5802
58175,2229.0,pvoutput.org,58175
5820,2112.0,pvoutput.org,5820
58313,34152.0,pvoutput.org,58313
5837,3488.0,pvoutput.org,5837
5843,2508.0,pvoutput.org,5843
58502,8161.0,pvoutput.org,58502
58504,3686.0,pvoutput.org,58504
58510,8424.0,pvoutput.org,58510
58511,5185.0,pvoutput.org,58511
58512,3651.0,pvoutput.org,58512
58517,3688.0,pvoutput.org,58517
58518,3687.0,pvoutput.org,58518
58519,3690.0,pvoutput.org,58519
58532,3932.0,pvoutput.org,58532
58540,3692.0,pvoutput.org,58540
58543,9423.0,pvoutput.org,58543
58544,3685.0,pvoutput.org,58544
58547,8449.0,pvoutput.org,58547
58549,5909.0,pvoutput.org,58549
58550,3685.0,pvoutput.org,58550
58551,3686.0,pvoutput.org,58551
58552,3701.0,pvoutput.org,58552
58563,3686.0,pvoutput.org,58563
58565,3685.0,pvoutput.org,58565
58567,3904.0,pvoutput.org,58567
58568,4005.0,pvoutput.org,58568
58570,3883.0,pvoutput.org,58570
58571,3907.0,pvoutput.org,58571
58595,3998.0,pvoutput.org,58595
58597,3746.0,pvoutput.org,58597
58598,2054.0,pvoutput.org,58598
58599,3684.0,pvoutput.org,58599
58603,3440.0,pvoutput.org,58603
58604,3670.0,pvoutput.org,58604
58606,3680.0,pvoutput.org,58606
58607,3672.0,pvoutput.org,58607
58701,3329.0,pvoutput.org,58701
5871,4273.0,pvoutput.org,5871
58722,3670.0,pvoutput.org,58722
58723,3681.0,pvoutput.org,58723
58727,3307.0,pvoutput.org,58727
58729,3728.0,pvoutput.org,58729
58730,3479.0,pvoutput.org,58730
58732,3680.0,pvoutput.org,58732
58734,4012.0,pvoutput.org,58734
58739,3685.0,pvoutput.org,58739
58826,3916.0,pvoutput.org,58826
58827,3931.0,pvoutput.org,58827
58828,3682.0,pvoutput.org,58828
58830,3927.0,pvoutput.org,58830
58831,3684.0,pvoutput.org,58831
58832,3684.0,pvoutput.org,58832
58848,3680.0,pvoutput.org,58848
58849,3684.0,pvoutput.org,58849
58850,3626.0,pvoutput.org,58850
58867,3688.0,pvoutput.org,58867
58915,3880.0,pvoutput.org,58915
58916,3089.0,pvoutput.org,58916
58917,3647.0,pvoutput.org,58917
58918,3127.0,pvoutput.org,58918
58920,3707.0,pvoutput.org,58920
58921,3895.0,pvoutput.org,58921
58924,1523.0,pvoutput.org,58924
58935,2247.0,pvoutput.org,58935
58936,3681.0,pvoutput.org,58936
58937,3676.0,pvoutput.org,58937
58938,3661.0,pvoutput.org,58938
58940,4030.0,pvoutput.org,58940
58941,3991.0,pvoutput.org,58941
58943,3980.0,pvoutput.org,58943
58944,3194.0,pvoutput.org,58944
58945,3908.0,pvoutput.org,58945
58947,3679.0,pvoutput.org,58947
58948,3683.0,pvoutput.org,58948
58969,3814.0,pvoutput.org,58969
58972,3893.0,pvoutput.org,58972
58996,3425.0,pvoutput.org,58996
59012,2151.0,pvoutput.org,59012
59013,1745.0,pvoutput.org,59013
59014,3806.0,pvoutput.org,59014
59015,3684.0,pvoutput.org,59015
59016,3685.0,pvoutput.org,59016
59017,2916.0,pvoutput.org,59017
59018,3687.0,pvoutput.org,59018
59019,3853.0,pvoutput.org,59019
59095,3733.0,pvoutput.org,59095
59096,3907.0,pvoutput.org,59096
59097,3184.0,pvoutput.org,59097
59098,3201.0,pvoutput.org,59098
59099,2538.0,pvoutput.org,59099
59100,2302.0,pvoutput.org,59100
59108,2301.0,pvoutput.org,59108
59120,2515.0,pvoutput.org,59120
59121,2317.0,pvoutput.org,59121
59122,3202.0,pvoutput.org,59122
59123,3677.0,pvoutput.org,59123
59124,2955.0,pvoutput.org,59124
59125,3145.0,pvoutput.org,59125
59126,3619.0,pvoutput.org,59126
59127,3880.0,pvoutput.org,59127
59128,1970.0,pvoutput.org,59128
59129,3759.0,pvoutput.org,59129
59130,2879.0,pvoutput.org,59130
59133,3362.0,pvoutput.org,59133
59134,3988.0,pvoutput.org,59134
59136,3253.0,pvoutput.org,59136
59137,3905.0,pvoutput.org,59137
59156,3586.0,pvoutput.org,59156
59157,3033.0,pvoutput.org,59157
5922,3747.0,pvoutput.org,5922
59243,6011.0,pvoutput.org,59243
59272,2746.0,pvoutput.org,59272
59273,2303.0,pvoutput.org,59273
59274,3737.0,pvoutput.org,59274
59275,3679.0,pvoutput.org,59275
59276,3193.0,pvoutput.org,59276
59322,2616.0,pvoutput.org,59322
5937,2076.0,pvoutput.org,5937
5954,3000.0,pvoutput.org,5954
5959,4500.0,pvoutput.org,5959
59738,4260.0,pvoutput.org,59738
59806,3936.0,pvoutput.org,59806
5983,3794.0,pvoutput.org,5983
59919,3684.0,pvoutput.org,59919
59984,456.0,pvoutput.org,59984
6005,4019.0,pvoutput.org,6005
60058,455.0,pvoutput.org,60058
6007,3780.0,pvoutput.org,6007
6014,3636.0,pvoutput.org,6014
60157,4143.0,pvoutput.org,60157
60164,4204.0,pvoutput.org,60164
60173,2515.0,pvoutput.org,60173
60211,2917.0,pvoutput.org,60211
60287,2460.0,pvoutput.org,60287
6040,3972.0,pvoutput.org,6040
60532,5288.0,pvoutput.org,60532
60565,374.0,pvoutput.org,60565
60628,3792.0,pvoutput.org,60628
60717,4142.0,pvoutput.org,60717
6074,4800.0,pvoutput.org,6074
6075,2653.0,pvoutput.org,6075
6080,4416.0,pvoutput.org,6080
60845,6005.0,pvoutput.org,60845
60960,3761.0,pvoutput.org,60960
6103,1629.0,pvoutput.org,6103
61047,3765.0,pvoutput.org,61047
6106,2999.0,pvoutput.org,6106
6109,3632.0,pvoutput.org,6109
6110,4500.0,pvoutput.org,6110
6111,5856.0,pvoutput.org,6111
6113,5999.0,pvoutput.org,6113
61190,5144.0,pvoutput.org,61190
61272,3528.0,pvoutput.org,61272
61295,3456.0,pvoutput.org,61295
6130,3672.0,pvoutput.org,6130
6154,4368.0,pvoutput.org,6154
61648,4223.0,pvoutput.org,61648
61664,3548.0,pvoutput.org,61664
61764,3755.0,pvoutput.org,61764
6179,3000.0,pvoutput.org,6179
6181,4020.0,pvoutput.org,6181
61856,5401.0,pvoutput.org,61856
6195,3660.0,pvoutput.org,6195
61975,4740.0,pvoutput.org,61975
61982,2988.0,pvoutput.org,61982
6202,3996.0,pvoutput.org,6202
62063,5973.0,pvoutput.org,62063
62139,3446.0,pvoutput.org,62139
6218,4020.0,pvoutput.org,6218
6220,3012.0,pvoutput.org,6220
6221,4335.0,pvoutput.org,6221
62236,9091.0,pvoutput.org,62236
6225,5724.0,pvoutput.org,6225
62251,4264.0,pvoutput.org,62251
6228,4008.0,pvoutput.org,6228
6229,4404.0,pvoutput.org,6229
6236,5855.0,pvoutput.org,6236
6241,3516.0,pvoutput.org,6241
62425,1521.0,pvoutput.org,62425
62429,2256.0,pvoutput.org,62429
62544,2289.0,pvoutput.org,62544
6255,2028.0,pvoutput.org,6255
6266,4008.0,pvoutput.org,6266
62732,5103.0,pvoutput.org,62732
62751,4125.0,pvoutput.org,62751
6281,3999.0,pvoutput.org,6281
6283,3012.0,pvoutput.org,6283
62895,3668.0,pvoutput.org,62895
62976,5234.0,pvoutput.org,62976
6299,3192.0,pvoutput.org,6299
63044,3207.0,pvoutput.org,63044
63050,3893.0,pvoutput.org,63050
63122,4077.0,pvoutput.org,63122
63229,3754.0,pvoutput.org,63229
6334,3960.0,pvoutput.org,6334
6338,3672.0,pvoutput.org,6338
6341,4680.0,pvoutput.org,6341
6349,5592.0,pvoutput.org,6349
6354,3871.0,pvoutput.org,6354
63611,4173.0,pvoutput.org,63611
63689,3585.0,pvoutput.org,63689
6377,4542.0,pvoutput.org,6377
6378,5868.0,pvoutput.org,6378
63840,3046.0,pvoutput.org,63840
6393,3601.0,pvoutput.org,6393
63946,3264.0,pvoutput.org,63946
63948,2916.0,pvoutput.org,63948
63970,4704.0,pvoutput.org,63970
6399,5671.0,pvoutput.org,6399
6403,4176.0,pvoutput.org,6403
6410,3093.0,pvoutput.org,6410
6414,3012.0,pvoutput.org,6414
64143,3528.0,pvoutput.org,64143
6417,3327.0,pvoutput.org,6417
6418,3012.0,pvoutput.org,6418
6462,3984.0,pvoutput.org,6462
64712,3701.0,pvoutput.org,64712
6472,4008.0,pvoutput.org,6472
64743,3071.0,pvoutput.org,64743
6478,5527.0,pvoutput.org,6478
6480,2160.0,pvoutput.org,6480
64813,3421.0,pvoutput.org,64813
64884,3595.0,pvoutput.org,64884
6490,1596.0,pvoutput.org,6490
64924,5013.0,pvoutput.org,64924
6494,3653.0,pvoutput.org,6494
64982,2110.0,pvoutput.org,64982
65117,3480.0,pvoutput.org,65117
65179,3728.0,pvoutput.org,65179
65315,3174.0,pvoutput.org,65315
65410,3691.0,pvoutput.org,65410
65412,3673.0,pvoutput.org,65412
6542,2200.0,pvoutput.org,6542
6546,3252.0,pvoutput.org,6546
65648,3413.0,pvoutput.org,65648
6565,2820.0,pvoutput.org,6565
65706,8689.0,pvoutput.org,65706
65768,3682.0,pvoutput.org,65768
65833,5167.0,pvoutput.org,65833
65897,17992.0,pvoutput.org,65897
65917,3837.0,pvoutput.org,65917
6594,1322.0,pvoutput.org,6594
65953,1927.0,pvoutput.org,65953
65958,2013.0,pvoutput.org,65958
6596,3696.0,pvoutput.org,6596
66012,8064.0,pvoutput.org,66012
66047,13199.0,pvoutput.org,66047
6625,4003.0,pvoutput.org,6625
66250,11366.0,pvoutput.org,66250
66252,4388.0,pvoutput.org,66252
6629,3696.0,pvoutput.org,6629
66313,11548.0,pvoutput.org,66313
6633,5745.0,pvoutput.org,6633
66376,3743.0,pvoutput.org,66376
66406,3792.0,pvoutput.org,66406
6651,5248.0,pvoutput.org,6651
66567,15445.0,pvoutput.org,66567
66668,3259.0,pvoutput.org,66668
6668,3657.0,pvoutput.org,6668
6676,3612.0,pvoutput.org,6676
6681,4163.0,pvoutput.org,6681
66811,5008.0,pvoutput.org,66811
66986,2535.0,pvoutput.org,66986
67030,2156.0,pvoutput.org,67030
67062,1033.0,pvoutput.org,67062
6709,2988.0,pvoutput.org,6709
67123,7572.0,pvoutput.org,67123
6716,4152.0,pvoutput.org,6716
6719,2499.0,pvoutput.org,6719
67207,4007.0,pvoutput.org,67207
67276,3792.0,pvoutput.org,67276
6731,2808.0,pvoutput.org,6731
67347,7440.0,pvoutput.org,67347
6737,3273.0,pvoutput.org,6737
67386,4538.0,pvoutput.org,67386
67388,1478.0,pvoutput.org,67388
67489,3561.0,pvoutput.org,67489
67589,2340.0,pvoutput.org,67589
6768,3300.0,pvoutput.org,6768
67689,3975.0,pvoutput.org,67689
67727,2340.0,pvoutput.org,67727
67766,7307.0,pvoutput.org,67766
67769,5036.0,pvoutput.org,67769
67927,3680.0,pvoutput.org,67927
67933,4653.0,pvoutput.org,67933
67948,3504.0,pvoutput.org,67948
67969,1824.0,pvoutput.org,67969
68000,3688.0,pvoutput.org,68000
6809,714.0,pvoutput.org,6809
68212,11323.0,pvoutput.org,68212
68218,8426.0,pvoutput.org,68218
68219,3688.0,pvoutput.org,68219
6822,2472.0,pvoutput.org,6822
68303,3012.0,pvoutput.org,68303
68324,3035.0,pvoutput.org,68324
6835,3672.0,pvoutput.org,6835
6836,3000.0,pvoutput.org,6836
6840,3480.0,pvoutput.org,6840
68404,5124.0,pvoutput.org,68404
68443,1279.0,pvoutput.org,68443
6849,3998.0,pvoutput.org,6849
6854,5316.0,pvoutput.org,6854
6864,4622.0,pvoutput.org,6864
6870,4212.0,pvoutput.org,6870
68800,5291.0,pvoutput.org,68800
68846,3288.0,pvoutput.org,68846
690,3972.0,pvoutput.org,690
6900,1908.0,pvoutput.org,6900
6908,3417.0,pvoutput.org,6908
6942,3625.0,pvoutput.org,6942
6960,4068.0,pvoutput.org,6960
6964,3000.0,pvoutput.org,6964
6980,2999.0,pvoutput.org,6980
6986,11148.0,pvoutput.org,6986
7014,3645.0,pvoutput.org,7014
7015,3684.0,pvoutput.org,7015
7035,2508.0,pvoutput.org,7035
7055,3589.0,pvoutput.org,7055
709,2664.0,pvoutput.org,709
7091,3683.0,pvoutput.org,7091
7179,4574.0,pvoutput.org,7179
7202,5023.0,pvoutput.org,7202
7204,4120.0,pvoutput.org,7204
7206,4492.0,pvoutput.org,7206
7215,3000.0,pvoutput.org,7215
7225,7291.0,pvoutput.org,7225
7237,3696.0,pvoutput.org,7237
7241,3990.0,pvoutput.org,7241
7252,2482.0,pvoutput.org,7252
7276,6998.0,pvoutput.org,7276
7289,2937.0,pvoutput.org,7289
7300,3672.0,pvoutput.org,7300
7311,3012.0,pvoutput.org,7311
7349,3144.0,pvoutput.org,7349
7360,3307.0,pvoutput.org,7360
7366,3012.0,pvoutput.org,7366
7369,3096.0,pvoutput.org,7369
7393,3000.0,pvoutput.org,7393
7407,4215.0,pvoutput.org,7407
7426,2964.0,pvoutput.org,7426
7429,4872.0,pvoutput.org,7429
7449,4030.0,pvoutput.org,7449
7455,5700.0,pvoutput.org,7455
7477,3012.0,pvoutput.org,7477
7505,5760.0,pvoutput.org,7505
7620,3286.0,pvoutput.org,7620
7625,3612.0,pvoutput.org,7625
7681,2932.0,pvoutput.org,7681
7691,3301.0,pvoutput.org,7691
7765,4642.0,pvoutput.org,7765
7784,3660.0,pvoutput.org,7784
7788,3840.0,pvoutput.org,7788
7797,5712.0,pvoutput.org,7797
7803,3836.0,pvoutput.org,7803
7816,4032.0,pvoutput.org,7816
7819,2256.0,pvoutput.org,7819
7821,2507.0,pvoutput.org,7821
7858,5136.0,pvoutput.org,7858
7861,2988.0,pvoutput.org,7861
7872,3504.0,pvoutput.org,7872
7924,5306.0,pvoutput.org,7924
794,4008.0,pvoutput.org,794
7998,4794.0,pvoutput.org,7998
8069,3648.0,pvoutput.org,8069
8133,4144.0,pvoutput.org,8133
8140,10224.0,pvoutput.org,8140
8156,3012.0,pvoutput.org,8156
8159,3192.0,pvoutput.org,8159
8163,16469.0,pvoutput.org,8163
8164,17000.0,pvoutput.org,8164
8200,5136.0,pvoutput.org,8200
8224,4008.0,pvoutput.org,8224
8225,5064.0,pvoutput.org,8225
8231,12435.0,pvoutput.org,8231
8232,2028.0,pvoutput.org,8232
8275,5712.0,pvoutput.org,8275
8425,5028.0,pvoutput.org,8425
8434,3643.0,pvoutput.org,8434
8488,3180.0,pvoutput.org,8488
8490,6264.0,pvoutput.org,8490
8563,3046.0,pvoutput.org,8563
8592,4146.0,pvoutput.org,8592
8669,3648.0,pvoutput.org,8669
8688,5112.0,pvoutput.org,8688
8745,3235.0,pvoutput.org,8745
8747,3900.0,pvoutput.org,8747
8791,3000.0,pvoutput.org,8791
8796,3660.0,pvoutput.org,8796
8800,3720.0,pvoutput.org,8800
8840,3971.0,pvoutput.org,8840
8883,3696.0,pvoutput.org,8883
8893,3828.0,pvoutput.org,8893
8921,3648.0,pvoutput.org,8921
8926,3996.0,pvoutput.org,8926
9004,2004.0,pvoutput.org,9004
9034,4935.0,pvoutput.org,9034
9036,1034.0,pvoutput.org,9036
9264,3696.0,pvoutput.org,9264
9332,4436.0,pvoutput.org,9332
9357,1898.0,pvoutput.org,9357
9359,1999.0,pvoutput.org,9359
9432,3012.0,pvoutput.org,9432
9440,3585.0,pvoutput.org,9440
9441,3553.0,pvoutput.org,9441
9458,1476.0,pvoutput.org,9458
9464,4020.0,pvoutput.org,9464
9570,3630.0,pvoutput.org,9570
9605,2312.0,pvoutput.org,9605
9637,3450.0,pvoutput.org,9637
9645,3996.0,pvoutput.org,9645
9647,4416.0,pvoutput.org,9647
9698,2653.0,pvoutput.org,9698
9726,24336.0,pvoutput.org,9726
973,6732.0,pvoutput.org,973
9741,2904.0,pvoutput.org,9741
9748,3999.0,pvoutput.org,9748
9750,498.0,pvoutput.org,9750
9757,3506.0,pvoutput.org,9757
9785,5724.0,pvoutput.org,9785
9807,3602.0,pvoutput.org,9807
9831,4043.0,pvoutput.org,9831
9860,3432.0,pvoutput.org,9860
9892,5975.0,pvoutput.org,9892
